doc_id,doc_name,requirement_text,ground_truth
1,Job information,# 需求文档：人力资源管理系统 - 职位信息管理模块\n\n## 1. 用户需求概述\n用户需要能够录入、查询和生成关于职位信息的报表。\n\n## 2. 核心数据需求\n必须维护的职位相关信息包括：\n- 职位编号 (Job number)\n- 职位名称 (Job name)\n- 职位薪资等级 (Job pay grade)\n- 职位描述行号 (Job description line number)\n- 职位描述内容 (Job description lines)\n\n特别说明：职位描述应由多条80字符长度的描述行组成。,TRUE
2,Screen security audit,"# 需求文档：人力资源管理系统 - 审计数据模块

## 1. 用户需求概述
用户需要对系统查询和报表功能实施审计数据跟踪，主要需求包括：
1. 控制用户界面访问权限
2. 记录所有安全设置的变更
3. 监控和报告日常安全活动

## 2. 详细审计需求

### 2.1 权限变更审计
- 记录所有界面访问权限的添加/修改操作
- 审计数据必须包含：
  - 执行变更的用户身份信息
  - 变更前后的具体安全设置
  - 变更发生的精确日期和时间

### 2.2 安全活动监控
- 持续捕获安全相关活动的审计数据
- 支持生成日常安全活动报告

## 3. 关联数据流程
（注：数据流程图与安全模块相同，参见文档6-28页）

## 4. 功能需求

### 4.1 审计记录功能
1. 自动记录所有权限变更操作
2. 保存变更前后的完整配置快照
3. 记录精确到秒的时间戳

### 4.2 审计报告功能
1. 安全变更历史报告：
   - 可按时间范围、操作人员等条件筛选
   - 显示变更前后的配置对比

2. 安全活动分析：
   - 生成周期性安全活动汇总
   - 异常操作行为识别与预警

## 5. 数据要素说明
所有审计记录必须包含以下核心数据元素：
- 操作用户身份标识
- 操作类型（添加/修改/删除）
- 操作对象（具体界面或功能）
- 操作前的安全设置
- 操作后的安全设置
- 操作时间戳（日期和时间）

## 6. 其他说明
- 本模块与系统安全模块共享数据流程设计
- 文档版本日期：January 1999
- 相关标准：Function Point Counting Practices 6-34节

## 关联文档
1. 《人力资源管理系统 - 安全模块需求文档》
2. 数据流程图（参见6-28页）",FALSE
3,Screen security audit,# 需求文档：人力资源管理系统 - 审计数据模块\n\n## 1. 用户需求概述\n用户需要对系统查询和报表功能实施审计数据跟踪，主要需求包括：\n1. 控制用户界面访问权限\n2. 记录所有安全设置的变更\n3. 监控和报告日常安全活动,FALSE
4,Suspended job,# 需求文档：人力资源管理系统 - 挂起职位模块\n\n## 1. 用户需求概述\n用户需要能够暂时挂起某些职位信息，以便进行修正或更新。,TRUE
5,Report definition,# 需求文档：人力资源管理系统 - 报表定义模块\n\n## 1. 用户需求概述\n用户需要能够定义和维护报表模板，包括报表标识符、名称、字段和计算规则。,TRUE
6,Alternate index,# 需求文档：人力资源管理系统 - 报表索引模块\n\n## 1. 用户需求概述\n用户需要通过报表名称快速查询报表定义信息，为此系统需要建立基于报表名称的辅助索引机制。,FALSE
7,Employee information (HR Application),# 人力资源管理系统 - 共享数据管理模块需求文档\n\n## 1. 模块概述\n本模块实现人力资源部门与安全部门对员工基础数据的共享管理，确保两个部门在各自业务领域能够维护和访问所需的员工信息。,TRUE
8,Employee information (Mail Distribution Application),# 人力资源管理系统 - 多用户数据视图模块需求文档\n\n## 1. 模块概述\n本模块实现人力资源部门与邮件分发部门对员工基础数据的共享管理，确保两个部门能够维护和访问所需的员工信息。,TRUE
