doc_id,doc_name,requirement_text,analysis_result,total_ilfs,ilf_names,ilf_reasons
1,Application Data,"# 需求文档：人力资源管理系统 - 职位信息管理模块

## 1. 用户需求概述
用户需要能够录入、查询和生成关于职位信息的报表。

## 2. 核心数据需求
必须维护的职位相关信息包括：
- 职位编号 (Job number)
- 职位名称 (Job name)
- 职位薪资等级 (Job pay grade)
- 职位描述行号 (Job description line number)
- 职位描述内容 (Job description lines)

特别说明：职位描述应由多条80字符长度的描述行组成。

## 3. 数据模型设计

### 3.1 实体关系图
系统包含两个主要实体，通过数据规范化得出：
```
JOB
↓
JOB DESCRIPTION
```

图例说明：
- □ 表示实体类型
- □ 表示属性实体类型
- → 表示强制的一对多关系

### 3.2 实体属性
JOB实体包含：
- 职位编号 (Job number)
- 职位名称 (Job name)
- 职位薪资等级 (Job pay grade)

JOB DESCRIPTION实体包含：
- 职位编号 (Job number)
- 职位描述行号 (Job description line number)
- 职位描述内容 (Job description lines)

## 4. 数据库结构设计 (DB2)

### 4.1 主要数据表
1. EMPL表（员工信息）：
   - NAME, FST_NAME, MID_INT, LST_NAME (姓名相关字段)
   - SSN (社会保险号)
   - TYPE, #_DEP, SUPV_CD (类型、部门数、主管代码)
   - HR_RATE, US_HOURLY RATE (薪资相关)
   - CBU #, LOC_NAME_FK, CURRENCY_LOC_FK (业务单元、位置外键)

2. JOB_ASSGNMT表（职位分配）：
   - DATE, PERF_RATING, SALARY (日期、绩效评级、薪资)
   - JOB #_FK, SSN_FK (职位编号和外键、员工SSN外键)

3. JOB_DESC表（职位描述）：
   - LINE # (行号)
   - DESC_LINE (描述内容)
   - JOB #_FK (职位编号外键)

4. JOB表（职位信息）：
   - JOB_NAME (职位名称)
   - JOB # (职位编号)
   - PAY_GRADE (薪资等级)

5. LOCATION表（位置信息）：
   - LOC_NAME, LOC_ADDR, CITY, STATE, ZIP, COUNTRY (地址详细信息)
   - EMPL_SSN_FK (员工SSN外键)

6. PAY_GRADE表（薪资等级）：
   - PAY_GRADE (薪资等级)
   - PAY_GRADE_DESC (等级描述)

## 5. 功能需求
1. 数据录入功能：
   - 支持职位基本信息和描述信息的录入
   - 支持多行职位描述的输入（每行80字符限制）

2. 查询功能：
   - 按职位编号名称查询完整职位信息
   - 支持关联查询（如查询某职位的所有描述行）

3. 报表功能：
   - 生成职位信息汇总报表
   - 支持按薪资等级分类的职位报表

## 6. 其他说明
- 文档版本日期：January 1999
- 相关标准：Function Point Counting Practices 6-21至6-22节

## 附件
1. 原始实体关系图
2. DB2数据库结构图","| 可能的ILF功能点 | 实际是否ILF功能点 | 理由 |
|------------------|------------------|------|
| Job              | 否               | Job单独使用时不符合用户逻辑需求，必须包含Job description才能完整表示用户需求。 |
| Job description  | 否               | Job description单独使用时不符合用户逻辑需求，必须与Job结合使用才能完整表示用户需求。 |
| Job information  | 是               | Job和Job description合并后形成一个逻辑组，符合用户需求，并通过基本流程在应用边界内维护。 |

结论: 1个ILF功能点。",1,Job information,Job和Job description合并后形成一个逻辑组，符合用户需求，并通过基本流程在应用边界内维护。
2,HR System Security,"# 需求文档：人力资源管理系统 - 安全模块

## 1. 用户需求概述
用户需要对人力资源系统实施应用级安全控制，主要需求包括：
1. 控制用户对每个应用界面的访问权限
2. 修改用户对各界面的访问权限
3. 记录并报告所有安全设置的变更
4. 管理用户对员工位置数据的访问权限
5. 监控和报告日常安全活动

## 2. 详细安全需求

### 2.1 界面访问控制
- 允许/禁止用户访问特定应用界面
- 支持修改用户对各界面的访问权限
- 安全变更报告需包含：
  - 执行变更的用户身份
  - 变更前后的用户界面权限设置
  - 变更的日期和时间

### 2.2 员工位置访问控制
- 分配用户可维护的员工位置访问权限，包含：
  - 被授权用户
  - 用户社会保险号(SSN)
  - 允许的访问类型
- 支持修改用户对特定位置员工的访问权限

### 2.3 安全审计
- 捕获审计数据以监控日常安全活动
- 记录所有安全相关的添加和变更操作

## 3. 数据模型设计

### 3.1 实体关系图
```
EMPLOYEE
├─ SALARIED_EMPL (子类型)
└─ HOURLY_EMPL (子类型)

EMPLOYEE SECURITY
SCREEN SECURITY
SCREEN SECURITY AUDIT
```

**图例说明**：
- 实体类型
- 属性实体类型  
- 实体子类型
- 强制的一对多关系
- 可选的一对多关系

### 3.2 实体属性
**EMPLOYEE SECURITY实体**：
- User_ID (用户ID)
- Employee_Social_Security_Number (员工社会保险号)
- Type_Of_Access_Allowed (允许的访问类型)
- Location (位置)

**SCREEN SECURITY实体**：
- User_ID (用户ID)
- Employee_Social_Security_Number (员工社会保险号)
- Window_ID (窗口ID)
- User_Access_Allowed (用户访问权限)

**SCREEN SECURITY AUDIT实体**：
- Date_Time_Change_Made (变更日期时间)
- ID_Of_User_Making_Change (执行变更的用户ID)
- 变更前数据：
  - User_ID_Before_Change
  - User_Access_Before_Change
  - Window_ID_Before_Change
- 变更后数据：
  - User_ID_After_Change
  - User_Access_After_Change
  - Window_ID_After_Change

## 4. 数据流程设计

### 4.1 数据流程图
```
用户 → [请求报告] → 屏幕安全审计
用户 → [添加屏幕安全] → 屏幕安全
用户 → [变更屏幕安全] → 屏幕安全
用户 → [添加员工安全] → 员工安全
用户 → [变更员工安全] → 员工安全
```

**图例说明**：
- 用户或应用
- 数据存储
- 处理过程
- 数据流向

## 5. 功能需求

### 5.1 权限管理功能
1. 界面权限管理：
   - 分配/修改用户界面访问权限
   - 记录所有权限变更

2. 数据权限管理：
   - 分配用户可访问的员工位置范围
   - 设置不同级别的数据访问权限

### 5.2 审计报告功能
1. 安全变更报告：
   - 按时间范围查询安全变更记录
   - 显示变更前后的权限设置对比

2. 日常监控：
   - 生成每日安全活动报告
   - 异常访问行为预警

## 6. 其他说明
- 文档版本日期：January 1999
- 相关标准：Function Point Counting Practices 6-26至6-28节

## 附件
1. 原始实体关系图
2. 数据流程图","| 可能的ILF功能点       | 实际是否ILF功能点 | 理由                                                                                     |
|-----------------------|------------------|-----------------------------------------------------------------------------------------|
| Screen security audit | 否               | 单独使用时不符合用户逻辑需求，必须与Screen security结合使用才能完整表示用户需求。                |
| Screen security       | 是               | 与Screen security audit合并后形成一个逻辑组，符合用户需求，并通过基本流程在应用边界内维护。        |
| Employee security    | 是               | 独立满足用户需求，用于限制员工信息的维护权限，并通过基本流程在应用边界内维护。                    |

结论: 2个ILF功能点。",2,Screen security|Employee security,与Screen security audit合并后形成一个逻辑组，符合用户需求，并通过基本流程在应用边界内维护。|独立满足用户需求，用于限制员工信息的维护权限，并通过基本流程在应用边界内维护。
3,Audit Data for Inquiries and Reports,"# 需求文档：人力资源管理系统 - 审计数据模块

## 1. 用户需求概述
用户需要对系统查询和报表功能实施审计数据跟踪，主要需求包括：
1. 控制用户界面访问权限
2. 记录所有安全设置的变更
3. 监控和报告日常安全活动

## 2. 详细审计需求

### 2.1 权限变更审计
- 记录所有界面访问权限的添加/修改操作
- 审计数据必须包含：
  - 执行变更的用户身份信息
  - 变更前后的具体安全设置
  - 变更发生的精确日期和时间

### 2.2 安全活动监控
- 持续捕获安全相关活动的审计数据
- 支持生成日常安全活动报告

## 3. 关联数据流程
（注：数据流程图与安全模块相同，参见文档6-28页）

## 4. 功能需求

### 4.1 审计记录功能
1. 自动记录所有权限变更操作
2. 保存变更前后的完整配置快照
3. 记录精确到秒的时间戳

### 4.2 审计报告功能
1. 安全变更历史报告：
   - 可按时间范围、操作人员等条件筛选
   - 显示变更前后的配置对比

2. 安全活动分析：
   - 生成周期性安全活动汇总
   - 异常操作行为识别与预警

## 5. 数据要素说明
所有审计记录必须包含以下核心数据元素：
- 操作用户身份标识
- 操作类型（添加/修改/删除）
- 操作对象（具体界面或功能）
- 操作前的安全设置
- 操作后的安全设置
- 操作时间戳（日期和时间）

## 6. 其他说明
- 本模块与系统安全模块共享数据流程设计
- 文档版本日期：January 1999
- 相关标准：Function Point Counting Practices 6-34节

## 关联文档
1. 《人力资源管理系统 - 安全模块需求文档》
2. 数据流程图（参见6-28页）","| 可能的ILF功能点       | 实际是否ILF功能点 | 理由                                                                                     |
|-----------------------|------------------|-----------------------------------------------------------------------------------------|
| Screen security audit | 否               | 该数据组必须与Screen security结合使用才能完整表示用户需求，单独使用时不符合ILF的逻辑独立性要求。 |

结论: 0个ILF功能点。",0,,
4,Suspended jobs,"# 需求文档：人力资源管理系统 - 挂起职位管理模块

## 1. 用户需求概述
用户需要对职位信息更新过程中的异常情况进行挂起处理，主要需求包括：
1. 通过离线流程处理职位信息的添加和变更
2. 记录未成功更新的职位事务到挂起文件
3. 提供在线界面编辑挂起文件以修正事务

## 2. 核心业务流程

### 2.1 离线处理流程
- 批量添加/修改职位信息时：
  - 成功处理的职位直接更新系统
  - 处理失败的职位事务存入挂起文件(JOB SUSPENSE)
  - 挂起记录需包含完整的职位和职位描述信息

### 2.2 在线修正流程
- 提供图形界面编辑挂起文件
- 可修正的字段包括：
  - 职位编号(Job #)
  - 职位名称(job_name)
  - 薪资等级(pay_grade)
  - 描述信息(desc)
  - 所有相关职位描述行

## 3. 数据模型设计

### 3.1 数据流程图
```
用户 → [批量添加职位] → 职位/职位描述 → [异常处理] → 职位挂起文件
用户 → [批量修改职位] → 职位/职位描述 → [异常处理] → 职位挂起文件
用户 → [维护挂起职位] → 修正后的职位 → 职位/职位描述
```

**图例说明**：
- 用户或应用
- 处理过程
- 数据存储
- 数据流向

## 4. 功能需求

### 4.1 批量处理功能
1. 支持批量添加职位信息：
   - 接收职位编号、名称、薪资等级等基本信息
   - 接收多行职位描述内容

2. 支持批量修改职位信息：
   - 根据职位编号定位要修改的记录
   - 支持全字段更新

### 4.2 挂起管理功能
1. 挂起文件查看：
   - 列出所有未成功处理的职位事务
   - 显示失败原因和原始数据

2. 挂起记录编辑：
   - 提供表单界面修正错误数据
   - 支持完整职位信息的编辑

3. 重新提交处理：
   - 将修正后的职位重新提交系统
   - 记录处理结果和操作日志

## 5. 数据要素说明

### 5.1 挂起记录数据结构
- 事务ID（唯一标识）
- 原始职位信息：
  - 职位编号
  - 职位名称
  - 薪资等级
- 原始描述信息：
  - 行号
  - 描述内容
- 错误代码/原因
- 挂起时间戳
- 处理状态

## 6. 报表功能
1. 职位信息报表：
   - 支持微缩胶片和纸质两种输出形式
   - 包含职位基本信息和描述内容
   - 显示职位总数统计

2. 挂起职位报表：
   - 按时间范围筛选
   - 按错误类型分类
   - 显示处理状态

## 7. 其他说明
- 文档版本日期：January 1999
- 相关标准：Function Point Counting Practices 6-35至6-36节
- 本模块与主职位管理模块共享数据实体

## 关联文档
1. 《人力资源管理系统 - 职位信息管理模块》
2. 数据流程图（参见6-36页）","| 可能的ILF功能点       | 实际是否ILF功能点 | 理由                                                                                     |
|-----------------------|------------------|-----------------------------------------------------------------------------------------|
| Suspended job         | 是               | 该数据组逻辑完整且用户可识别，包含需要修正的职位信息，并通过人力资源应用中的基本流程维护。         |
| Suspended job description | 是               | 作为Suspended job的组成部分，与Suspended job共同构成一个逻辑组，满足用户需求并通过同一流程维护。 |

结论: 1个ILF功能点。",1,Suspended job|Suspended job description,该数据组逻辑完整且用户可识别，包含需要修正的职位信息，并通过人力资源应用中的基本流程维护。|作为Suspended job的组成部分，与Suspended job共同构成一个逻辑组，满足用户需求并通过同一流程维护。
5,Report Definition,"# 需求文档：人力资源管理系统 - 报表定义模块

## 1. 用户需求概述
用户需要能够自定义、管理和执行系统报表，主要需求包括：
1. 定义可重复使用的报表模板
2. 灵活执行预定义的报表
3. 查询和管理现有报表定义

## 2. 核心功能需求

### 2.1 报表定义功能
- **基本属性定义**：
  - 唯一报表标识符（必填）
  - 报表名称（必填）
- **数据结构定义**：
  - 选择报表包含的字段
  - 定义字段显示顺序
- **计算逻辑定义**：
  - 添加自定义计算字段
  - 设置统计公式（如求和、平均等）
  - 定义分组和汇总条件

### 2.2 报表执行功能
- 按需执行预定义报表
- 支持运行时参数输入
- 提供多种输出方式：
  - 屏幕预览
  - 打印输出
  - 文件导出（PDF/Excel等）

### 2.3 报表管理功能
- 报表定义修改：
  - 可更新现有报表的所有定义要素
  - 保留历史版本（可选）
- 报表定义查询：
  - 按报表名称搜索
  - 按报表标识符精确查找
  - 支持模糊查询

## 3. 数据模型设计

### 3.1 核心数据实体
**REPORT_DEFINITION（报表定义）**：
- REPORT_ID（唯一标识符，主键）
- REPORT_NAME（报表名称）
- CREATE_DATE（创建日期）
- LAST_MODIFIED（最后修改日期）
- OWNER（创建用户）

**REPORT_FIELD（报表字段）**：
- FIELD_ID（字段ID）
- REPORT_ID（关联的报表ID）
- FIELD_NAME（字段名称）
- SOURCE_FIELD（数据源字段）
- DISPLAY_ORDER（显示顺序）
- CALCULATION_FORMULA（计算公式）

## 4. 用户界面要求

### 4.1 报表定义界面
1. 基本信息区：
   - 报表标识符（自动生成/手动输入）
   - 报表名称输入框
   - 描述信息文本框

2. 字段选择区：
   - 可用字段列表
   - 已选字段列表（可排序）
   - 字段属性设置（显示名称、格式等）

3. 计算逻辑区：
   - 公式编辑器
   - 函数选择面板
   - 字段引用工具

### 4.2 报表执行界面
- 参数输入区域
- 预览窗口
- 输出选项选择区

## 5. 业务流程

### 5.1 新建报表流程
1. 输入基本报表信息
2. 选择数据字段
3. 定义计算逻辑
4. 保存报表定义
5. 测试执行验证

### 5.2 修改报表流程
1. 查询现有报表定义
2. 选择需要修改的要素
3. 更新定义内容
4. 保存新版本
5. 验证修改结果

## 6. 非功能性需求

1. **性能要求**：
   - 报表定义保存响应时间<3秒
   - 简单报表执行时间<5秒

2. **安全要求**：
   - 报表定义修改需权限控制
   - 敏感数据报表需额外审批

3. **可用性要求**：
   - 支持同时编辑多个报表定义
   - 提供撤销/重做功能

## 7. 其他说明
- 文档版本日期：January 1999
- 相关标准：Function Point Counting Practices 6-39节

## 附件
1. 报表定义数据字典
2. 计算公式语法规范","| 可能的ILF功能点       | 实际是否ILF功能点 | 理由                                                                                     |
|-----------------------|------------------|-----------------------------------------------------------------------------------------|
| Report definition     | 是               | 该数据组（包含报告标识符、报告名称、字段和计算）逻辑完整且用户可识别，并通过基本流程在应用边界内维护。 |

结论: 1个ILF功能点。",1,Report definition,该数据组（包含报告标识符、报告名称、字段和计算）逻辑完整且用户可识别，并通过基本流程在应用边界内维护。
6,Alternate Index,"# 需求文档：人力资源管理系统 - 报表索引模块

## 1. 用户需求概述
用户需要通过报表名称快速查询报表定义信息，为此系统需要建立基于报表名称的辅助索引机制。

## 2. 核心功能需求

### 2.1 索引创建功能
- 自动为所有报表定义创建基于报表名称的辅助索引
- 索引键：REPORT_NAME（报表名称）
- 索引值：关联的REPORT_ID（报表唯一标识符）

### 2.2 索引查询功能
- 支持通过报表名称快速定位报表定义
- 提供模糊查询能力（部分名称匹配）
- 支持大小写不敏感的查询

## 3. 技术实现方案

### 3.1 索引结构设计
**ALTERNATE_INDEX（辅助索引表）**：
- INDEX_ID（索引标识）
- REPORT_NAME（报表名称，索引键）
- REPORT_ID（关联的报表ID）
- CREATE_TIMESTAMP（创建时间戳）

### 3.2 索引维护机制
- 自动同步机制：
  - 新建报表时自动创建索引项
  - 报表名称修改时自动更新索引
  - 报表删除时自动移除索引项
- 手动重建功能：
  - 支持管理员手动重建全部索引
  - 提供索引验证工具

## 4. 性能要求
- 索引查询响应时间：<1秒（100万条记录量级）
- 索引更新延迟：<500毫秒
- 支持并发查询：≥50并发

## 5. 用户界面集成

### 5.1 报表查询界面增强
- 在现有报表查询界面增加：
  - 名称快速搜索框
  - 实时搜索建议
  - 高频报表缓存

### 5.2 管理界面
- 索引状态监控面板
- 索引维护操作入口
- 性能统计图表

## 6. 异常处理
- 重复名称处理：
  - 自动添加后缀区分
  - 提示用户修改
- 索引不一致修复：
  - 自动检测机制
  - 一键修复功能

## 7. 其他说明
- 文档版本日期：January 1999
- 相关标准：Function Point Counting Practices 6-42节
- 本模块与报表定义模块紧密集成

## 关联文档
1. 《人力资源管理系统 - 报表定义模块》
2. 数据库索引设计规范","| 可能的ILF功能点 | 实际是否ILF功能点 | 理由 |
|------------------|------------------|------|
| Alternate index  | 否               | 从用户角度看，该功能仅作为技术性筛选工具，不构成独立的业务功能，且不符合用户可识别的逻辑数据组要求。 |

结论: 0个ILF功能点。",0,,
7,Shared Application Data,"# 人力资源管理系统 - 共享数据管理模块需求文档

## 1. 模块概述
本模块实现人力资源部门与安全部门对员工基础数据的共享管理，确保两个部门在各自业务领域能够维护和访问所需的员工信息。

## 2. 用户角色与需求

### 2.1 人力资源部门需求
**数据维护要求**：
- 员工ID（唯一标识）
- 员工姓名
- 员工通讯地址
- 薪资等级
- 职位名称
- 养老金资格日期（系统自动计算）

**核心业务流程**：
- 新员工记录创建时自动触发养老金资格日期计算
- 基础信息修改需记录变更历史

### 2.2 安全部门需求
**数据维护要求**：
- 员工ID（关联键）
- 安全等级（需背景调查后手动设置）

**报表需求**：
- 员工安全清单报表包含：
  - 员工总数统计
  - 员工姓名
  - 安全等级分类

## 3. 数据模型设计

### 3.1 核心数据实体
**EMPLOYEE_MASTER（员工主表）**：
- EMP_ID（主键）
- EMP_NAME
- MAILING_ADDRESS
- PAY_GRADE
- JOB_TITLE
- PENSION_ELIG_DATE（自动计算）
- CREATE_TIMESTAMP

**EMPLOYEE_SECURITY（员工安全表）**：
- EMP_ID（外键）
- SECURITY_LEVEL
- LAST_VERIFIED_DATE
- CLEARANCE_STATUS

### 3.2 数据流设计
```
[人力资源系统] --创建--> 员工主记录 --> [安全系统] --分配--> 安全等级
                        ↓
                [生成养老金资格日期]
```

## 4. 功能规格说明

### 4.1 人力资源功能
1. **员工信息管理**：
   - 支持增删改查操作
   - 地址变更历史跟踪
   - 自动计算养老金资格日期（基于雇佣日期+预设规则）

2. **数据接口**：
   - 实时向安全系统推送新员工ID
   - 支持基础信息变更通知

### 4.2 安全部门功能
1. **安全等级管理**：
   - 背景调查完成后手动设置等级
   - 支持等级调整审批流程
   - 安全认证有效期管理

2. **安全报表**：
   - 按安全等级分类统计
   - 支持导出PDF/Excel格式
   - 敏感数据脱敏处理

## 5. 系统集成要求

### 5.1 数据同步机制
- 实时同步：
  - 新员工创建事件
  - 员工ID变更事件
- 定时同步：
  - 每日凌晨同步基础信息变更

### 5.2 接口规范
- REST API端点：
  - `POST /api/employees` 创建员工
  - `PUT /api/security-levels` 更新安全等级
- 数据格式：JSON

## 6. 安全与审计

1. **访问控制**：
   - 人力资源用户：读写员工基础信息
   - 安全部门用户：读写安全等级
   - 只读角色：报表查看权限

2. **审计要求**：
   - 记录安全等级变更操作
   - 保存养老金计算日志

## 7. 非功能性需求

1. **性能指标**：
   - 新员工记录创建响应时间<2秒
   - 千人规模安全报表生成时间<15秒

2. **数据一致性**：
   - 确保员工ID在两个系统的唯一性
   - 离职员工数据同步冻结

## 8. 附录

### 8.1 数据字典
| 字段名 | 类型 | 描述 | 来源系统 |
|--------|------|------|----------|
| EMP_ID | VARCHAR(20) | 员工唯一标识 | HR |
| SECURITY_LEVEL | ENUM | 安全等级分类 | Security |

### 8.2 相关文档
1. 养老金计算规则手册
2. 安全等级分类标准
3. 数据同步技术规范

文档版本：1999年1月版（基于Function Point Counting Practices 6-43至6-44节）","| 可能的ILF功能点 | 实际是否ILF功能点 | 理由 |
|------------------|------------------|------|
| Employee information (HR Application) | 是 | 该数据组逻辑完整且用户可识别，包含员工基本信息，并通过HR应用中的基本流程维护。 |
| Employee information (Security Application) | 是 | 该数据组逻辑完整且用户可识别，包含员工安全信息，并通过Security应用中的基本流程维护。 |

结论: 2个ILF功能点。",2,,
8,Different UsersDifferent Data Views,"# 人力资源管理系统 - 多角色数据视图管理模块需求文档

## 1. 模块概述
本模块实现不同业务角色对员工数据的分权访问与差异化视图管理，满足人力资源部门和邮件分发部门对同一数据实体的不同业务需求。

## 2. 用户角色与数据权限

### 2.1 人力资源部门（HR）
**数据维护范围**：
- 员工ID（唯一标识）
- 员工姓名
- 完整邮寄地址（含以下子字段）：
  - 楼层
  - 楼栋编码
  - 街道
  - 城市
  - 州
  - 邮编
- 薪资等级
- 职位名称
- 养老金资格日期（系统自动计算）

**专属功能**：
- 员工邮寄标签生成
- 养老金资格自动计算（基于雇佣规则）

### 2.2 邮件分发部门（Mail Distribution）
**数据维护范围**：
- 员工ID（只读）
- 楼层（可编辑）
- 楼栋编码（可编辑）

**专属功能**：
- 楼栋编码标准维护
- 内部邮件分发效率分析报告：
  - 各楼栋/楼层人员分布统计
  - 邮件路由优化建议

## 3. 数据模型设计

### 3.1 核心数据实体
**EMPLOYEE_MASTER（员工主表）**：
```sql
CREATE TABLE EMPLOYEE_MASTER (
    EMP_ID VARCHAR(20) PRIMARY KEY,
    EMP_NAME VARCHAR(100),
    FLOOR VARCHAR(10),
    BUILDING_CODE VARCHAR(20),
    STREET VARCHAR(100),
    CITY VARCHAR(50),
    STATE VARCHAR(20),
    ZIP_CODE VARCHAR(10),
    PAY_GRADE VARCHAR(5),
    JOB_TITLE VARCHAR(50),
    PENSION_ELIG_DATE DATE,
    LAST_UPDATE_TIMESTAMP DATETIME
);
```

### 3.2 数据视图定义
**HR_EMPLOYEE_VIEW（HR全景视图）**：
- 包含所有员工主表字段
- 自动计算养老金日期

**MAIL_DIST_VIEW（邮件部门视图）**：
- EMP_ID（只读）
- FLOOR（可编辑）
- BUILDING_CODE（可编辑）
- 衍生字段：FULL_LOCATION（楼栋+楼层）

## 4. 功能规格说明

### 4.1 公共基础功能
1. **员工数据同步**：
   - HR数据变更实时推送至邮件系统
   - 采用消息队列确保数据一致性

2. **数据验证**：
   - 楼栋编码标准字典校验
   - 楼层格式校验（数字/字母混合）

### 4.2 HR专属功能
1. **批量邮寄标签生成**：
   - 支持Avery标准标签格式
   - 按楼栋/部门筛选人员

2. **养老金计算引擎**：
   - 可配置的计算规则
   - 计算结果审计日志

### 4.3 邮件部门专属功能
1. **楼栋编码管理**：
   - 编码标准增删改查
   - 历史版本对比

2. **人员分布分析**：
   - 热力图可视化
   - 邮件分发路径优化建议

## 5. 报表功能

### 5.1 邮件分发效率报告
- **数据维度**：
  - 按楼栋统计人员密度
  - 按楼层分析分布均匀度
- **输出形式**：
  - PDF格式标准报告
  - Excel数据透视表

### 5.2 数据变更审计报告
- HR与邮件部门数据修改记录
- 关键字段变更历史追踪

## 6. 安全控制机制

1. **字段级权限控制**：
   - HR用户：可编辑所有地址字段
   - 邮件用户：仅限楼栋/楼层字段

2. **操作审计**：
   - 记录楼栋编码变更操作
   - 敏感数据访问日志

## 7. 技术架构要求

1. **数据同步**：
   - 采用ETL工具每日增量同步
   - 异常数据自动告警

2. **性能指标**：
   - 千人规模标签生成<30秒
   - 分布报告响应时间<10秒

## 8. 附录

### 8.1 数据元素说明
| 字段 | 类型 | HR可写 | 邮件部门可写 | 业务规则 |
|------|------|--------|--------------|----------|
| BUILDING_CODE | VARCHAR(20) | ✓ | ✓ | 需符合编码标准 |

### 8.2 相关规范
1. 楼栋编码管理规范（DOC-028）
2. 数据权限控制矩阵（SEC-115）
3. 养老金计算规则手册（HR-207）

文档版本：1999年1月（基于Function Point Counting Practices 6-49至6-50节）","| 可能的ILF功能点 | 实际是否ILF功能点 | 理由 |
|------------------|------------------|------|
| Employee information (HR Application) | 是 | 该数据组逻辑完整且用户可识别，包含员工基本信息，并通过HR应用中的基本流程维护。 |
| Employee information (Mail Distribution Application) | 是 | 该数据组逻辑完整且用户可识别，包含员工邮件分发信息，并通过Mail Distribution应用中的基本流程维护。 |

结论: 2个ILF功能点。",2,,
