doc_id,true_eif,requirement_text
1,位置信息,"需求文档：人力资源系统功能需求

1. 项目概述  
本项目旨在开发人力资源系统，为用户提供员工信息管理与固定资产系统数据交互的能力，以满足企业人力资源管理与资产信息整合的需求。

2. 功能需求  

2.1 员工信息管理  
系统应支持以下员工信息操作功能：  
- 员工信息的录入  
- 员工信息的查询  
- 员工信息的报表生成  

2.2 与固定资产系统的接口  
系统应具备与固定资产系统的接口能力，实现以下功能：  
- 从固定资产系统中获取各建筑物的位置信息  
- 获取的位置信息应包括以下数据字段：  
  - 建筑物名称  
  - 建筑物描述信息  

3. 系统集成要求  
人力资源系统需通过接口与固定资产系统进行数据交互，确保位置信息的准确性和实时性。

4. 非功能需求  
- 系统应保证数据的安全性和完整性  
- 接口响应时间应满足用户操作需求  
- 系统应提供友好的用户操作界面

"
2,转换信息（汇率信息）," 需求文档：人力资源系统与货币系统集成

 1. 项目概述  
本需求文档描述了人力资源（HR）系统与货币（Currency）系统之间的集成需求，旨在实现时薪制员工的薪酬计算与货币转换功能。

---

 2. 用户需求

 2.1 薪酬支付要求
- 所有时薪制员工的薪酬必须使用美元（USD） 支付。

 2.2 员工信息变更时的处理流程
- 当用户在HR系统中新增或修改员工信息时，系统必须执行以下操作：
  1. 调用货币系统获取当前适用的汇率。
  2. 使用该汇率将员工的本地标准时薪转换为美元时薪。

 2.3 汇率转换公式
```
标准时薪（本地货币） × 汇率 = 美元时薪
```

---

 3. 数据模型

 3.1 实体关系图说明

 货币系统（Currency Application）
- 实体：CONVERSION_RATE
- 属性：
  - `CURRENCY`
  - `Conversion_Rate_To_Base_Currency`
  - `Country`

 人力资源系统（HR Application）
- 实体：EMPLOYEE
- 子类型：
  - SALARIED_EMPL（月薪员工）
  - HOURLY_EMPL（时薪员工）
- 相关实体：DEPENDENT（家属）

 3.2 关系说明
- EMPLOYEE 与 HOURLY_EMPL 为实体子类型关系。
- EMPLOYEE 与 DEPENDENT 之间存在一对多关系（图示中未明确是否强制）。

---

 4. 系统交互流程

1. 用户在HR系统中新增或修改员工信息。
2. 系统判断该员工是否为时薪制员工（HOURLY_EMPL）。
3. 若是，则HR系统调用货币系统的 CONVERSION_RATE 实体获取对应国家的汇率。
4. 使用获取的汇率，根据公式计算员工的美元时薪。
5. 将计算结果保存至HR系统中。

---

 5. 非功能性需求
- 货币系统的汇率接口应保证高可用性与低延迟。
- 汇率数据应具备时效性，确保转换准确性。
- 系统应记录汇率获取与计算日志，便于审计与排查问题。

---

 6. 附录

 6.1 术语表
- 标准时薪：员工在本地货币下的每小时工资。
- 美元时薪：转换为美元后的每小时工资。
- 基础货币：汇率转换的基准货币（本例中为美元）。

 6.2 图示说明
- 实体类型：矩形框
- 属性实体类型：带属性标注的矩形
- 实体子类型：带继承关系的矩形
- 关系类型：
  - 强制一对多：实线连接
  - 可选一对多：虚线连接

---
"
3,None,"软件需求规格说明书：人力资源系统帮助管理模块
1. 项目概述
本项目旨在开发一套独立的“帮助管理系统（Help Application）”，用于支持现有“人力资源应用程序（Human Resources Application）”的运行。该系统将允许管理员或指定用户创建、维护和管理应用程序中各个窗口（Window）及字段（Field）的帮助信息。最终目标是让人力资源应用程序能够动态检索并显示这些帮助内容，以辅助终端用户操作。
2. 用户角色
内容维护用户（User）： 负责输入、编辑和更新窗口与字段帮助信息的系统操作员。
人力资源应用程序（Human Resources Application）： 作为外部系统，负责从本帮助系统中读取数据并向最终用户展示。
3. 功能需求
3.1 窗口帮助管理 (Window Help Management)
系统必须提供管理应用程序窗口级别帮助文档的功能。
3.1.1 添加窗口帮助信息
系统应允许用户为特定窗口创建帮助条目。
用户能够详细描述该窗口如何用于实现特定的业务功能。
系统需接收并处理“添加窗口帮助”的请求，将窗口标识（Window ID）与对应的帮助描述（Help Description）进行关联存储。
3.1.2 修改窗口帮助信息
系统应允许用户更改现有的窗口帮助内容。
用户可以更新特定窗口的业务功能描述，系统需将变更后的信息保存至数据存储中。
3.2 字段帮助管理 (Field Help Management)
系统必须提供管理应用程序中特定数据字段属性和帮助信息的功能。
3.2.1 添加字段帮助信息
系统应允许用户为人力资源应用程序中的各个字段设置详细定义。
用户可以在此功能中设定字段的定义描述、默认值（Default Values）以及有效值范围（Valid Values）。
系统需接收并处理“添加字段帮助”的请求，将字段标识（Field ID）与上述属性信息进行关联存储。
3.2.2 修改字段帮助信息
系统应允许用户更改现有的字段帮助内容。
用户可以更新字段的定义、默认值或有效值，系统需将变更后的信息保存至数据存储中。
3.3 信息检索与集成 (Retrieval and Integration)
本系统需与核心人力资源应用程序进行数据交互。
3.3.1 帮助信息检索
系统必须提供接口或机制，使“人力资源应用程序”能够检索已存储的窗口帮助和字段帮助信息。
检索到的信息将用于在人力资源应用程序的界面上向最终用户进行显示。
4. 数据流与逻辑处理
根据系统设计，数据在用户、处理过程、数据存储与外部应用之间的流向如下：
4.1 数据输入处理
窗口帮助流： 用户发起“添加”或“更改”窗口帮助的请求。数据流经处理模块后，系统将生成包含“窗口ID”和“帮助描述”的数据包，并将其写入“窗口帮助（Window Help）”数据存储区。
字段帮助流： 用户发起“添加”或“更改”字段帮助的请求。数据流经处理模块后，系统将生成包含“字段ID”、“描述”、“有效值”和“默认值”的数据包，并将其写入“字段帮助（Field Help）”数据存储区。
4.2 数据存储
系统需维护两个核心数据存储库：
WINDOW HELP（窗口帮助库）： 用于持久化存储所有窗口级别的业务功能描述。
FIELD HELP（字段帮助库）： 用于持久化存储字段级别的定义、约束和默认值信息。
4.3 数据输出与交互
当用户通过处理模块完成帮助信息的添加或修改时，更新后的数据（包括ID、描述、值定义等）需同步流向“人力资源应用程序”，以确保主应用拥有最新的帮助文档数据。
5. 系统约束
帮助系统必须能够准确区分不同的窗口ID和字段ID，以确保信息的对应关系准确无误。
数据的修改操作必须基于已存在的数据记录进行。"
4,员工信息,"---

 需求文档：不同用户/不同视图的权限管理

 1. 概述
本文档描述了人力资源（HR）用户与养老金（Pension）用户在员工信息管理方面的不同需求和系统功能。

 2. 用户角色与需求

 2.1 HR 用户
需求描述：  
HR 用户需要维护每位新员工的基本信息。

需维护的信息包括：
- 员工编号（Employee ID）
- 员工姓名（Employee Name）
- 员工邮寄地址（Employee Mailing Address）
- 员工薪资等级（Employee Pay Grade）
- 员工职位（Employee Job Title）

系统行为：  
在创建新员工记录时，系统应自动计算并保存该员工的养老金资格日期（Pension Eligibility Date）。

---

 2.2 Pension 用户
需求描述：  
Pension 用户需要生成一份员工列表，列出员工及其预期的养老金资格日期。

所需信息包括：
- 员工编号（Employee ID）
- 员工姓名（Employee Name）
- 养老金资格日期（Pension Eligibility Date）

---

 3. 数据流图说明

系统包含两个主要应用模块：

 HR 应用
- 接收并存储由 HR 用户输入的员工信息。
- 自动计算并存储 `Pension_Elig_Due` 字段。

 Pension 应用
- 从系统中提取以下字段用于生成报告：
  - `Emp_id`
  - `Emp_Name`
  - `Pension_Elig_Due`

| 字段名 | 说明 | HR 用户可见 | Pension 用户可见 |
|--------|------|-------------|------------------|
| Emp_id | 员工编号 | true | true |
| Emp_Name | 员工姓名 | true | true |
| Mailing Address | 邮寄地址 | true | false |
| My_Grade | 薪资等级 | true | false |
| No_Title | 职位 | true | false |
| Pension_Elig_Due | 养老金资格日期 | true | true ||

---

 5. 功能总结
- HR 用户负责录入和维护员工基本信息。
- 系统自动计算养老金资格日期。
- Pension 用户仅能查看部分字段，用于生成养老金相关报告。

---
"
5,None,"
---

 需求文档：员工信息的多数据用途管理

 1. 概述
本文档描述了人力资源（HR）用户在员工信息管理方面的需求，特别是生成员工列表的功能以及系统中员工数据的流动过程。

 2. 用户需求

 HR 用户需求
需求描述：  
HR 用户需要能够生成所有员工的列表。

列表中必须显示每位员工的以下信息：
- 员工编号（Employee ID）
- 员工姓名（Employee Name）

 3. 数据流图说明

系统包含以下主要处理模块和数据存储：

 3.1 处理流程
1. HR 应用 → 创建员工
   - 输入：用户提供的员工信息
   - 输出：完整的员工记录

2. 创建员工 → 员工数据存储
   - 将新员工信息保存到员工数据库中

3. 员工数据存储 → 打印员工列表
   - 从员工数据库中提取特定字段生成列表

4. 打印员工列表 → 用户
   - 输出最终员工列表给HR用户

 3.2 数据字段说明

创建员工流程使用的字段：
- Emp_id（员工ID）
- Emp_Name（员工名称）
- Multi_Address（地址信息）
- Pay_Grade（职级）
- Job_Title（职位名称）
- Pension_Elig_Date（资格日期）

员工数据存储包含的字段：
- 包含创建员工的所有字段
- 额外字段：Security_Level（安全等级）

打印员工列表输出的字段：
- Emp_id（员工ID）
- Emp_Name（员工名称）

 4. 数据字段映射

| 字段名          | 创建员工 | 员工存储 | 打印列表 |
|----------------|----------|----------|-----------|
| Emp_id         | true     | true     | true      |
| Emp_Name       | true     | true     | true      |
| Multi_Address  | true     | true     | false     |
| Pay_Grade      | true     | true     | false     |
| Job_Title      | true     | true     | false     |
| Pension_Elig_Date | true  | true     | false     |
| Security_Level | false    | true     | false     |

"
6,None,"需求文档：人力资源系统数据迁移项目

1. 项目概述
本项目旨在将现有HR系统中的员工数据迁移至新采购的HR应用套件中。由于旧系统缺乏员工家属信息维护功能，需要在数据迁移过程中完成家属信息的初始化工作。

2. 项目背景
- 组织已采购新的HR应用套件
- 需要从现有HR系统将员工文件转换至替代系统
- 旧系统不具备维护员工家属信息的能力
- 现有员工迁移至新应用时需要初始化家属信息

3. 功能需求

3.1 数据迁移范围
- 员工主数据：从旧HR系统迁移所有员工基本信息
- 员工类型数据：
  - 受薪员工数据
  - 小时制员工数据
- 家属信息初始化：为新系统初始化员工家属信息字段

3.2 数据模型对应关系
旧HR系统数据模型：
```
EMPLOYEE（员工）
├── SALARIED_EMPL（受薪员工）[子类型]
└── HOURLY_EMPL（小时制员工）[子类型]
```

新HR系统数据模型：
```
EMPLOYEE（员工）
├── SALARIED_EMPL（受薪员工）[子类型]
└── HOURLY_EMPL（小时制员工）[子类型]
```

4. 技术需求

4.1 数据转换要求
- 确保旧系统员工文件能够正确导入新HR应用
- 维护员工类型（受薪/小时制）的完整对应关系
- 处理可选的一对多关系数据迁移

4.2 数据初始化要求
- 为迁移的员工初始化家属信息相关字段
- 确保数据格式符合新系统的要求

5. 数据质量要求
- 保证员工数据的完整性和准确性
- 确保数据迁移过程中不发生数据丢失
- 维护数据类型和关系的正确转换

6. 非功能需求
- 数据迁移过程应具备回滚机制
- 迁移过程需记录详细的日志信息
- 确保数据迁移期间业务中断时间最小化

"
